<?xml version="1.0" encoding="UTF-8"?>
<employees_list>

  <employee>
    <full_name>Bilal</full_name>
    <date_of_birth>2022-01-20</date_of_birth>
    <department_id>1</department_id>
    <position>web</position>
    <type_of_employee>monthly</type_of_employee>
    <amount>0</amount>
  </employee>
  <employee>
    <full_name>Sadam Hussain</full_name>
    <date_of_birth>2022-01-20</date_of_birth>
    <department_id>1</department_id>
    <position>web</position>
    <type_of_employee>monthly</type_of_employee>
    <amount>0</amount>
  </employee>
  <employee>
    <full_name>Shahnawaz Miakhel</full_name>
    <date_of_birth>2022-01-20</date_of_birth>
    <department_id>1</department_id>
    <position>Part time</position>
    <type_of_employee>monthly</type_of_employee>
    <amount>0</amount>
  </employee>
  <employee>
    <full_name>Yousaf Khan</full_name>
    <date_of_birth>2022-01-20</date_of_birth>
    <department_id>1</department_id>
    <position>web</position>
    <type_of_employee>monthly</type_of_employee>
    <amount>0</amount>
  </employee>
  <employee>
    <full_name>Ahmad </full_name>
    <date_of_birth>2022-01-20</date_of_birth>
    <department_id>1</department_id>
    <position>web</position>
    <type_of_employee>monthly</type_of_employee>
    <amount>0</amount>
  </employee>
</employees_list>